keyword,language,monthly_search_kw,competition,competition_index,cpc_low,cpc_high,intent,cluster,group,target_url,page_type,priority,status,source
ستائر,en,1550,غير متوفر,100,0.830790,7.000000,تجاري,Core,Core,/,الرئيسية,P0,موجَّه إلى الرئيسية (P-HOME)؛ عبارة عامة بلا «الكويت» فلا صفحة مخصصة لها (1.5),Keyword Planner عبر Windsor — الجدول النهائي (12 شهراً، الكويت)؛ عملة CPC غير موثقة
ستاير,en,1550,غير متوفر,100,0.830790,7.000000,تجاري,اللهجات,اللهجات,/,الرئيسية,P1,متغير إملائي لـ«ستائر»: القيمة والـCPC مطابقتان تماماً → Google دمجهما؛ لا يُجمع مع «ستائر»؛ يُدمج طبيعياً في نص الرئيسية (C9) ولا يرد فيه حالياً (N-29),Keyword Planner عبر Windsor — الجدول النهائي (12 شهراً، الكويت)؛ عملة CPC غير موثقة
تركيب ستائر,en,1546,غير متوفر,22,0.930000,4.260000,خدمة,النية التجارية,النية التجارية,/services/installation/,تركيب,P0,صفحة مُثراة (P-INSTALL)؛ الأعلى حجماً بين عبارات الخدمة، وجزء من النية («تركيب فقط») غير مخدوم حتى إجابة N-15,Keyword Planner عبر Windsor — الجدول النهائي (12 شهراً، الكويت)؛ عملة CPC غير موثقة
curtains,en,1050,غير متوفر,100,0.184595,2.980000,تجاري,English,English,,English Home,P0,صفحة غير منشأة (F1)؛ تُدمج مع «curtains kuwait» في الرئيسية الإنجليزية,Keyword Planner عبر Windsor — الجدول النهائي (12 شهراً، الكويت)؛ عملة CPC غير موثقة
تفصيل ستائر,en,757,غير متوفر,38,1.000000,6.000000,خدمة,النية التجارية,النية التجارية,/services/tailoring/,تفصيل,P0,صفحة مُثراة (P-TAILOR)؛ تُدمج مع «تفصيل ستائر الكويت» (صف 11) في صفحة واحدة,Keyword Planner عبر Windsor — الجدول النهائي (12 شهراً، الكويت)؛ عملة CPC غير موثقة
ستارة,en,613,غير متوفر,100,0.488679,5.000000,تجاري,Core,Core,/,الرئيسية,P1,موجَّه إلى الرئيسية؛ عبارة عامة بالمفرد فلا صفحة مخصصة (1.5),Keyword Planner عبر Windsor — الجدول النهائي (12 شهراً، الكويت)؛ عملة CPC غير موثقة
ستائر رول,en,557,غير متوفر,100,0.870000,6.130000,تجاري,أنواع الستائر,أنواع الستائر,/curtains/roll/,رول,P0,صفحة مُثراة (P-ROLL)؛ حجم 557 يفوق «ستائر رول الكويت» فرُفعت إلى P0 (N-06)؛ تُدمج مع صف 27,Keyword Planner عبر Windsor — الجدول النهائي (12 شهراً، الكويت)؛ عملة CPC غير موثقة
curtains kuwait,en,480,غير متوفر,غير متوفر,غير متوفر,غير متوفر,تجاري/عام,curtains kuwait,,,English Home,P0,صفحة غير منشأة (F1),Keyword Planner عبر Windsor.ai (الخطة 1.4)
ستائر ويفي,en,433,غير متوفر,100,1.600000,7.220000,تجاري,أنواع الستائر,أنواع الستائر,/curtains/wave/,نوع,P1,موجَّه إلى صفحة النوع (P-WAVE),Keyword Planner عبر Windsor — الجدول النهائي (12 شهراً، الكويت)؛ عملة CPC غير موثقة
blinds,en,338,غير متوفر,75,0.256551,4.000000,تجاري,English,English,,English Roller Blinds,P1,صفحة غير منشأة (F2)؛ عبارة عامة تُخدم من صفحة الرول الإنجليزية,Keyword Planner عبر Windsor — الجدول النهائي (12 شهراً، الكويت)؛ عملة CPC غير موثقة
ستائر الكويت,en,260,غير متوفر,100,0.697280,6.000000,تجاري,Core,Core,/,الرئيسية,P0,صفحة موجودة — إعادة كتابة (P-HOME),Keyword Planner عبر Windsor — الجدول النهائي (12 شهراً، الكويت)؛ عملة CPC غير موثقة
تفصيل ستائر الكويت,ar,260,غير متوفر,غير متوفر,غير متوفر,غير متوفر,تجاري,تفصيل ستائر الكويت,,/services/tailoring/,تفصيل,P0,صفحة مُثراة (P-TAILOR) — تُراجع بعد النشر,Keyword Planner عبر Windsor.ai (الخطة 1.4)
curtain rod,en,238,غير متوفر,100,0.216341,0.833486,تجاري,English,English,,—,P3,لا صفحة: ملحقات (سكك)؛ السكة مشمولة في سعر الستارة عندنا، وبيعها منفصلة غير مؤكد من المالك,Keyword Planner عبر Windsor — الجدول النهائي (12 شهراً، الكويت)؛ عملة CPC غير موثقة
ikea curtains,en,185,غير متوفر,100,0.088984,0.508887,تجاري,English,English,,—,P3,لا صفحة: نية بحث عن منتج IKEA؛ مرتبط بـ N-15 (تركيب ستائر من مصدر آخر) بانتظار المالك,Keyword Planner عبر Windsor — الجدول النهائي (12 شهراً، الكويت)؛ عملة CPC غير موثقة
blackout,en,173,غير متوفر,60,غير متوفر,غير متوفر,تجاري,English,English,,English Blackout,P2,صفحة غير منشأة (F2)؛ عبارة عامة,Keyword Planner عبر Windsor — الجدول النهائي (12 شهراً، الكويت)؛ عملة CPC غير موثقة
ستائر رول جاهزة الكويت,ar,140,غير متوفر,غير متوفر,غير متوفر,غير متوفر,تجاري,ستائر رول جاهزة الكويت,,/ready-roll-curtains/,رول جاهز,P0,صفحة مُحدَّثة (P-ROLL) — تُراجع بعد النشر,Keyword Planner عبر Windsor.ai (الخطة 1.4)
تفصال ستائر,en,122,غير متوفر,21,0.990000,9.000000,تجاري,اللهجات,اللهجات,/services/tailoring/,تفصيل أو مقال,P1,لهجة: لا ترد في نص الموقع حالياً (N-29)؛ تُدمج طبيعياً في صفحة التفصيل (C9),Keyword Planner عبر Windsor — الجدول النهائي (12 شهراً، الكويت)؛ عملة CPC غير موثقة
ستائر جاهزة في الكويت,ar,110,غير متوفر,غير متوفر,غير متوفر,غير متوفر,تجاري,ستائر جاهزة في الكويت,,/ready-roll-curtains/,رول جاهز / جاهزة,P1,صفحة موجودة,Keyword Planner عبر Windsor.ai (الخطة 1.4)
تركيب ستائر الكويت,ar,110,غير متوفر,غير متوفر,غير متوفر,غير متوفر,تجاري/خدمة,تركيب ستائر الكويت,,/services/installation/,تركيب,P0,صفحة مُثراة (P-INSTALL) — تُراجع بعد النشر,Keyword Planner عبر Windsor.ai (الخطة 1.4)
roller blinds kuwait,en,110,غير متوفر,غير متوفر,غير متوفر,غير متوفر,تجاري,roller blinds kuwait,,,English Roller Blinds,P0,صفحة غير منشأة (F2),Keyword Planner عبر Windsor.ai (الخطة 1.4)
ستائر بلاك اوت,en,96,غير متوفر,100,0.625347,5.080000,تجاري,أنواع الستائر,أنواع الستائر,/curtains/blackout/,بلاك أوت,P1,الكتابة «اوت» بلا همزة؛ تُدمج مع «ستائر بلاك أوت الكويت» (صف 66) في صفحة واحدة,Keyword Planner عبر Windsor — الجدول النهائي (12 شهراً، الكويت)؛ عملة CPC غير موثقة
ارخص ستائر في الكويت,ar,90,غير متوفر,غير متوفر,غير متوفر,غير متوفر,تجاري/سعر,ارخص ستائر في الكويت,,/prices/,الأسعار (دون ادعاء «الأرخص»),P1,صفحة موجودة بأسعار مؤكدة وحاسبة (P-PRICES)؛ دون ادعاء «الأرخص»,Keyword Planner عبر Windsor.ai (الخطة 1.4)
محل ستائر,en,83,غير متوفر,100,1.480000,7.940000,تجاري,النية التجارية,النية التجارية,/,الرئيسية,P0,الحجم مؤكد من Keyword Planner,Keyword Planner عبر Windsor — الجدول النهائي (12 شهراً، الكويت)؛ عملة CPC غير موثقة
برادي,en,80,غير متوفر,100,0.900000,7.000000,تجاري,Core,Core,/services/tailoring/,تفصيل أو مقال,P1,لهجة: لا ترد في نص الموقع حالياً (N-29)؛ تُدمج طبيعياً في صفحة التفصيل (C9),Keyword Planner عبر Windsor — الجدول النهائي (12 شهراً، الكويت)؛ عملة CPC غير موثقة
ستائر ايكيا الكويت,ar,70,غير متوفر,غير متوفر,غير متوفر,غير متوفر,تجاري,IKEA/إكسسوارات,,,—,P3,لا صفحة: نية بحث عن منتج IKEA؛ مرتبط بـ N-15 (تركيب ستائر من مصدر آخر) بانتظار المالك,ملخص Windsor الأولي (غير نهائي) — Keyword Planner
roller blinds,en,65,غير متوفر,100,0.189529,1.967891,تجاري,English,English,,English Roller Blinds,P1,صفحة غير منشأة (F2),Keyword Planner عبر Windsor — الجدول النهائي (12 شهراً، الكويت)؛ عملة CPC غير موثقة
ستائر غرف نوم,en,63,غير متوفر,100,0.758599,5.431651,تجاري,الغرف,الغرف,,صفحة استخدام + مقال,P2,الحجم مؤكد من Keyword Planner · صفحة غير منشأة,Keyword Planner عبر Windsor — الجدول النهائي (12 شهراً، الكويت)؛ عملة CPC غير موثقة
ستائر رول الكويت,ar,50,غير متوفر,غير متوفر,غير متوفر,غير متوفر,تجاري,ستائر رول الكويت,,/curtains/roll/,رول,P1,صفحة مُثراة (P-ROLL) — تُراجع بعد النشر,Keyword Planner عبر Windsor.ai (الخطة 1.4)
blackout curtains kuwait,en,50,غير متوفر,غير متوفر,غير متوفر,غير متوفر,تجاري,blackout curtains kuwait,,,English Blackout,P1,صفحة غير منشأة (F2),Keyword Planner عبر Windsor.ai (الخطة 1.4)
تركيب ستائر الجهراء,ar,50,غير متوفر,غير متوفر,غير متوفر,غير متوفر,محلي/خدمة,تركيب ستائر الجهراء,,/areas/jahra/,الجهراء + تركيب,P1,صفحة موجودة noindex حتى الإثراء (C-02/P-JAHRA),Keyword Planner عبر Windsor.ai (الخطة 1.4)
ikea curtains kuwait,en,50,غير متوفر,غير متوفر,غير متوفر,غير متوفر,تجاري,IKEA/إكسسوارات,,,—,P3,لا صفحة: نية بحث عن منتج IKEA؛ مرتبط بـ N-15 (تركيب ستائر من مصدر آخر) بانتظار المالك,ملخص Windsor الأولي (غير نهائي) — Keyword Planner
curtain rod kuwait,en,50,غير متوفر,غير متوفر,غير متوفر,غير متوفر,تجاري,IKEA/إكسسوارات,,,—,P3,لا صفحة: ملحقات (سكك)؛ بيعها منفصلة غير مؤكد من المالك,ملخص Windsor الأولي (غير نهائي) — Keyword Planner
ستائر الجهراء,en,48,غير متوفر,26,0.790000,4.000000,محلي,المناطق,المناطق,/areas/jahra/,الجهراء,P0,صفحة موجودة noindex حتى الإثراء (C-02/P-JAHRA),Keyword Planner عبر Windsor — الجدول النهائي (12 شهراً، الكويت)؛ عملة CPC غير موثقة؛ الخطة 1.4 كانت 50
ستائر مطبخ,en,46,غير متوفر,100,0.692222,6.000000,تجاري,الغرف,الغرف,,صفحة استخدام + مقال,P2,صفحة الاستخدام غير منشأة (C-04 مؤجلة عمداً)؛ تخدمها مؤقتاً /curtains/roll/,Keyword Planner عبر Windsor — الجدول النهائي (12 شهراً، الكويت)؛ عملة CPC غير موثقة
ستائر جاهزة,en,32,غير متوفر,100,0.633360,8.000000,تجاري,النية التجارية,النية التجارية,/ready-roll-curtains/,رول جاهز,P1,تُدمج مع «ستائر جاهزة في الكويت» (صف 17) في صفحة الرول الجاهز,Keyword Planner عبر Windsor — الجدول النهائي (12 شهراً، الكويت)؛ عملة CPC غير موثقة
ستائر خشبية,en,30,غير متوفر,100,2.950000,9.000000,تجاري,أنواع الستائر,أنواع الستائر,/curtains/wooden/,خشبي,P2,الصفحة رفيعة (~15 كلمة) بانتظار قرار N-04,Keyword Planner عبر Windsor — الجدول النهائي (12 شهراً، الكويت)؛ عملة CPC غير موثقة
ستائر شيفون,en,29,غير متوفر,100,1.390849,7.820000,تجاري,أنواع الستائر,أنواع الستائر,/curtains/sheer/,شيفون,P2,صفحة منشورة (C-01),Keyword Planner عبر Windsor — الجدول النهائي (12 شهراً، الكويت)؛ عملة CPC غير موثقة
ستائر رومانية,en,23,غير متوفر,100,غير متوفر,غير متوفر,تجاري,أنواع الستائر,أنواع الستائر,,—,P3,لا صفحة: النوع غير مؤكد ضمن ما يبيعه المالك؛ لا صفحة قبل تأكيده وصور حقيقية,Keyword Planner عبر Windsor — الجدول النهائي (12 شهراً، الكويت)؛ عملة CPC غير موثقة
ستائر حولي,en,23,غير متوفر,96,1.000000,4.800000,محلي,المناطق,المناطق,/areas/hawalli/,حولي,P2,صفحة موجودة noindex حتى الإثراء (C-02),Keyword Planner عبر Windsor — الجدول النهائي (12 شهراً، الكويت)؛ عملة CPC غير موثقة
ستائر مكاتب,en,20,غير متوفر,100,0.750000,4.800000,تجاري,الغرف,الغرف,/curtains/office/,مكتبي,P2,تُدمج مع «ستائر مكتبية» (صف 40)؛ الصفحة رفيعة بانتظار قرار N-04,Keyword Planner عبر Windsor — الجدول النهائي (12 شهراً، الكويت)؛ عملة CPC غير موثقة
ستائر مكتبية,en,17,غير متوفر,100,0.854698,4.800000,تجاري,أنواع الستائر,أنواع الستائر,/curtains/office/,مكتبي,P2,الصفحة رفيعة (~20 كلمة) بانتظار قرار N-04,Keyword Planner عبر Windsor — الجدول النهائي (12 شهراً، الكويت)؛ عملة CPC غير موثقة
ستائر زيبرا,en,12,غير متوفر,100,غير متوفر,غير متوفر,تجاري,أنواع الستائر,أنواع الستائر,,—,P3,لا صفحة: النوع غير مؤكد ضمن ما يبيعه المالك,Keyword Planner عبر Windsor — الجدول النهائي (12 شهراً، الكويت)؛ عملة CPC غير موثقة
ستائر كهربائية,en,10,غير متوفر,100,غير متوفر,غير متوفر,تجاري,أنواع الستائر,أنواع الستائر,,—,P3,لا صفحة: الكهربائية مستبعدة بقرار المالك,Keyword Planner عبر Windsor — الجدول النهائي (12 شهراً، الكويت)؛ عملة CPC غير موثقة
curtain installation,en,10,غير متوفر,76,غير متوفر,غير متوفر,خدمة,English,English,,Curtain Installation Kuwait (/en/),P1,صفحة غير منشأة (F2)؛ تُدمج مع «curtain installation kuwait» (صف 78),Keyword Planner عبر Windsor — الجدول النهائي (12 شهراً، الكويت)؛ عملة CPC غير موثقة
ستائر ويفي الكويت,ar,10,غير متوفر,غير متوفر,غير متوفر,غير متوفر,تجاري,ستائر ويفي الكويت,,/curtains/wave/,نوع,P1/P2,موجَّه إلى صفحة النوع (P-WAVE),Keyword Planner عبر Windsor.ai (الخطة 1.4)
ستائر كهربائية الكويت,ar,10,غير متوفر,غير متوفر,غير متوفر,غير متوفر,تجاري,ستائر كهربائية الكويت,,,—,P3,لا صفحة: الكهربائية غير مُباعة؛ صفحتها مسودة وتُحذف عند موافقة المالك (C-01),Keyword Planner عبر Windsor.ai (الخطة 1.4)
سعر متر ستائر الويفي,ar,10,غير متوفر,غير متوفر,غير متوفر,غير متوفر,,أسعار الستائر,,/prices/,الأسعار + النوع,P1,الحجم مؤكد من Keyword Planner,ملخص Windsor الأولي (غير نهائي) — Keyword Planner
تركيب ستائر حولي,ar,10,غير متوفر,غير متوفر,غير متوفر,غير متوفر,,تركيب ستائر حسب المحافظة,,/areas/hawalli/,حولي,P1/P2,الحجم مؤكد من Keyword Planner,ملخص Windsor الأولي (غير نهائي) — Keyword Planner
سعر ستائر,en,9,غير متوفر,100,غير متوفر,غير متوفر,سعر,النية التجارية,النية التجارية,/prices/,الأسعار,P1,صفحة موجودة بأسعار مؤكدة وحاسبة (P-PRICES),Keyword Planner عبر Windsor — الجدول النهائي (12 شهراً، الكويت)؛ عملة CPC غير موثقة
curtain prices,en,9,غير متوفر,100,غير متوفر,غير متوفر,سعر,English,English,,Curtain Prices Kuwait (/en/),P1,صفحة غير منشأة (F2)؛ تُدمج مع «curtain prices kuwait» (صف 79),Keyword Planner عبر Windsor — الجدول النهائي (12 شهراً، الكويت)؛ عملة CPC غير موثقة
ستائر صالات,en,8,غير متوفر,100,غير متوفر,غير متوفر,تجاري,الغرف,الغرف,,صفحة استخدام + مقال,P2,تُدمج مع «ستائر صالة» (صف 71)؛ تخدمها مؤقتاً /curtains/wave/,Keyword Planner عبر Windsor — الجدول النهائي (12 شهراً، الكويت)؛ عملة CPC غير موثقة
ستائر خيطان,en,8,غير متوفر,86,غير متوفر,غير متوفر,محلي,المناطق,المناطق,,الفروانية (بعد البوابة 5.1),P2,لا صفحة للفروانية؛ خيطان من مناطقها (areas.ts),Keyword Planner عبر Windsor — الجدول النهائي (12 شهراً، الكويت)؛ عملة CPC غير موثقة
شركة ستائر,en,7,غير متوفر,86,غير متوفر,غير متوفر,تجاري,النية التجارية,النية التجارية,/,الرئيسية,P0,الحجم مؤكد من Keyword Planner,Keyword Planner عبر Windsor — الجدول النهائي (12 شهراً، الكويت)؛ عملة CPC غير موثقة
ستائر مجالس,en,7,غير متوفر,غير متوفر,غير متوفر,غير متوفر,تجاري,الغرف,الغرف,,صفحة استخدام + مقال,P2,تُدمج مع «ستائر ديوانية» (صف 72)؛ تخدمها مؤقتاً /curtains/wave/,Keyword Planner عبر Windsor — الجدول النهائي (12 شهراً، الكويت)؛ عملة CPC غير موثقة
custom curtains,en,7,غير متوفر,100,غير متوفر,غير متوفر,خدمة,English,English,,Custom Curtains Kuwait (/en/),P1,صفحة غير منشأة (F2)؛ تُدمج مع «custom curtains kuwait» (صف 77),Keyword Planner عبر Windsor — الجدول النهائي (12 شهراً، الكويت)؛ عملة CPC غير موثقة
ستائر منزلية,en,4,غير متوفر,غير متوفر,غير متوفر,غير متوفر,تجاري,Core,Core,/,الرئيسية,P3,موجَّه إلى الرئيسية؛ حجم ضئيل,Keyword Planner عبر Windsor — الجدول النهائي (12 شهراً، الكويت)؛ عملة CPC غير موثقة
أسعار ستائر,en,غير متوفر,غير متوفر,غير متوفر,غير متوفر,غير متوفر,سعر,النية التجارية,النية التجارية,/prices/,الأسعار,P1,صفحة موجودة؛ تُدمج مع «أسعار تفصيل الستائر» (صف 69)؛ لا بيانات حجم,Keyword Planner عبر Windsor — الجدول النهائي (12 شهراً، الكويت)؛ عملة CPC غير موثقة
ستائر السالمية,en,غير متوفر,غير متوفر,غير متوفر,غير متوفر,غير متوفر,محلي,المناطق,المناطق,/areas/hawalli/,حولي,P2,السالمية ضمن محافظة حولي (areas.ts)؛ الصفحة noindex حتى الإثراء (C-02),Keyword Planner عبر Windsor — الجدول النهائي (12 شهراً، الكويت)؛ عملة CPC غير موثقة
ستائر الفروانية,en,غير متوفر,غير متوفر,غير متوفر,غير متوفر,غير متوفر,محلي,المناطق,المناطق,,الفروانية (بعد البوابة 5.1),P2,لا صفحة للفروانية بعد؛ لا بيانات حجم,Keyword Planner عبر Windsor — الجدول النهائي (12 شهراً، الكويت)؛ عملة CPC غير موثقة
ستائر الأحمدي,en,غير متوفر,غير متوفر,غير متوفر,غير متوفر,غير متوفر,محلي,المناطق,المناطق,,الأحمدي (بعد البوابة 5.1),P2,لا صفحة للأحمدي بعد؛ لا بيانات حجم,Keyword Planner عبر Windsor — الجدول النهائي (12 شهراً، الكويت)؛ عملة CPC غير موثقة
ستائر الفحيحيل,en,غير متوفر,غير متوفر,غير متوفر,غير متوفر,غير متوفر,محلي,المناطق,المناطق,,الأحمدي (بعد البوابة 5.1),P2,الفحيحيل ضمن محافظة الأحمدي (areas.ts)؛ لا صفحة بعد,Keyword Planner عبر Windsor — الجدول النهائي (12 شهراً، الكويت)؛ عملة CPC غير موثقة
ستائر مبارك الكبير,en,غير متوفر,غير متوفر,غير متوفر,غير متوفر,غير متوفر,محلي,المناطق,المناطق,/areas/mubarak-al-kabeer/,مبارك الكبير,P2,صفحة موجودة noindex حتى الإثراء (C-02)؛ لا بيانات حجم,Keyword Planner عبر Windsor — الجدول النهائي (12 شهراً، الكويت)؛ عملة CPC غير موثقة
ستائر العدان,en,غير متوفر,غير متوفر,غير متوفر,غير متوفر,غير متوفر,محلي,المناطق,المناطق,/areas/mubarak-al-kabeer/,مبارك الكبير,P2,العدان ضمن محافظة مبارك الكبير (areas.ts)؛ الصفحة noindex حتى الإثراء,Keyword Planner عبر Windsor — الجدول النهائي (12 شهراً، الكويت)؛ عملة CPC غير موثقة
ستائر العاصمة,en,غير متوفر,غير متوفر,غير متوفر,غير متوفر,غير متوفر,محلي,المناطق,المناطق,/areas/,محور المناطق (لا صفحة مخصصة للعاصمة),P2,لا صفحة للعاصمة قبل مشروع/وقائع موثقة (5.1 وC5)؛ N-09,Keyword Planner عبر Windsor — الجدول النهائي (12 شهراً، الكويت)؛ عملة CPC غير موثقة
ستائر الشويخ,en,غير متوفر,غير متوفر,غير متوفر,غير متوفر,غير متوفر,محلي,المناطق,المناطق,/areas/,محور المناطق (لا صفحة مخصصة للعاصمة),P2,الشويخ ضمن محافظة العاصمة؛ لا صفحة قبل مشروع/وقائع موثقة (5.1 وC5)؛ N-09,Keyword Planner عبر Windsor — الجدول النهائي (12 شهراً، الكويت)؛ عملة CPC غير موثقة
تفصال ستاير الكويت,ar,غير متوفر,غير متوفر,غير متوفر,غير متوفر,غير متوفر,,تفصيل ستائر الكويت,,/services/tailoring/,تفصيل أو مقال,P1,حجم البحث غير مؤكد — يُستخرج من Keyword Planner,
ستائر بلاك أوت الكويت,ar,غير متوفر,غير متوفر,غير متوفر,غير متوفر,غير متوفر,,ستائر بلاك أوت الكويت,,/curtains/blackout/,بلاك أوت,P1,حجم البحث غير مؤكد — يُستخرج من Keyword Planner,
ستائر ويفي مع شيفون,ar,غير متوفر,غير متوفر,غير متوفر,غير متوفر,غير متوفر,,ستائر ويفي الكويت,,/wave-curtains/,ويفي,P1/P2,حجم البحث غير مؤكد — يُستخرج من Keyword Planner,
سعر ستائر الكويت,ar,غير متوفر,غير متوفر,غير متوفر,غير متوفر,غير متوفر,,أسعار الستائر,,/prices/,الأسعار,P0/P1,حجم البحث غير مؤكد — يُستخرج من Keyword Planner,
أسعار تفصيل الستائر,ar,غير متوفر,غير متوفر,غير متوفر,غير متوفر,غير متوفر,,أسعار الستائر,,/prices/,الأسعار,P0/P1,حجم البحث غير مؤكد — يُستخرج من Keyword Planner,
سعر ستائر الرول,ar,غير متوفر,غير متوفر,غير متوفر,غير متوفر,غير متوفر,,أسعار الستائر,,/prices/,الأسعار + النوع,P1,حجم البحث غير مؤكد — يُستخرج من Keyword Planner,
ستائر صالة,ar,غير متوفر,غير متوفر,غير متوفر,غير متوفر,غير متوفر,,ستائر حسب المساحة,,,صفحة استخدام + مقال,P2,حجم البحث غير مؤكد — يُستخرج من Keyword Planner · صفحة غير منشأة؛ تخدمها مؤقتاً /curtains/wave/,
ستائر ديوانية,ar,غير متوفر,غير متوفر,غير متوفر,غير متوفر,غير متوفر,,ستائر حسب المساحة,,,صفحة استخدام + مقال,P2,حجم البحث غير مؤكد — يُستخرج من Keyword Planner · صفحة غير منشأة؛ تخدمها مؤقتاً /curtains/wave/,
تركيب ستائر مبارك الكبير,ar,غير متوفر,غير متوفر,غير متوفر,غير متوفر,غير متوفر,,تركيب ستائر حسب المحافظة,,/areas/mubarak-al-kabeer/,مبارك الكبير,P1/P2,حجم البحث غير مؤكد — يُستخرج من Keyword Planner,
تركيب ستائر الفروانية,ar,غير متوفر,غير متوفر,غير متوفر,غير متوفر,غير متوفر,,تركيب ستائر حسب المحافظة,,,الفروانية (بعد البوابة 5.1),P1/P2,حجم البحث غير مؤكد — يُستخرج من Keyword Planner · صفحة غير منشأة,
تركيب ستائر الأحمدي,ar,غير متوفر,غير متوفر,غير متوفر,غير متوفر,غير متوفر,,تركيب ستائر حسب المحافظة,,,الأحمدي (بعد البوابة 5.1),P1/P2,حجم البحث غير مؤكد — يُستخرج من Keyword Planner · صفحة غير منشأة,
تركيب ستائر العاصمة,ar,غير متوفر,غير متوفر,غير متوفر,غير متوفر,غير متوفر,,تركيب ستائر حسب المحافظة,,/areas/,محور المناطق (لا صفحة مخصصة للعاصمة),P2,لا صفحة للعاصمة قبل مشروع/وقائع موثقة (5.1 وC5)؛ N-09,
custom curtains kuwait,en,غير متوفر,غير متوفر,غير متوفر,غير متوفر,غير متوفر,,curtains kuwait,,,صفحات /en/ الأساسية,P0/P1,حجم البحث غير مؤكد — يُستخرج من Keyword Planner · صفحة غير منشأة,
curtain installation kuwait,en,غير متوفر,غير متوفر,غير متوفر,غير متوفر,غير متوفر,,curtains kuwait,,,صفحات /en/ الأساسية,P0/P1,حجم البحث غير مؤكد — يُستخرج من Keyword Planner · صفحة غير منشأة,
curtain prices kuwait,en,غير متوفر,غير متوفر,غير متوفر,غير متوفر,غير متوفر,,curtains kuwait,,,صفحات /en/ الأساسية,P0/P1,حجم البحث غير مؤكد — يُستخرج من Keyword Planner · صفحة غير منشأة,
