old_path,new_path,type
/ستائر-رول-جاهزة/,/ready-roll-curtains/,page
/ستائر-ويفي/,/wave-curtains/,page
/اسعار-الستائر/,/prices/,page
/الاسئلة-الشائعة/,/faq/,page
/اتصل-بنا/,/contact/,page
/مناطق-الخدمة/,/areas/,page
/تركيب-ستائر-الجهراء/,/areas/jahra/,area
/تركيب-ستائر-حولي/,/areas/hawalli/,area
/تركيب-ستائر-مبارك-الكبير/,/areas/mubarak-al-kabeer/,area
/products/بليندات-خشبية-xera/,/products/blinds-wooden-xera/,product
/products/بليندات-خشبية-أبيض-غرفة-نوم/,/products/wooden-white-bedroom/,product
/products/بليندات-خشبية-بني-مطبخ/,/products/wooden-brown-kitchen/,product
/products/رول-جاهز-أبيض-صالة/,/products/roll-ready-white-living/,product
/products/رول-جاهز-بني-مطبخ/,/products/roll-ready-brown-kitchen/,product
/products/رول-جاهز-بيج-مطبخ/,/products/roll-ready-beige-kitchen/,product
/products/رول-جاهز-رمادي-غرفة/,/products/roll-ready-grey-shelves/,product
/products/رول-جاهز-رمادي-محبب/,/products/roll-ready-grey-textured/,product
/products/رول-جاهز-كريمي-غرفة-ملابس/,/products/roll-ready-cream-dressing/,product
/products/رول-جاهز-منقوش-رمادي/,/products/roll-ready-pattern-grey/,product
/products/رول-غامق-صالة/,/products/roller-dark-living/,product
/products/رول-مكتبي-رمادي/,/products/roller-office-grey/,product
/products/ستائر-ويفي-بيج-طية-موجية/,/products/wave-beige/,product
/products/ويفي-أزرق-رمادي-شيفون-شرابات/,/products/wave-blue-grey-tassel-sheer/,product
/products/ويفي-بنفسجي-داكن-شيفون/,/products/wave-aubergine-sheer/,product
/products/ويفي-بيج-رمادي-طرف-مائل/,/products/wave-beige-swag-striped-sheer/,product
/products/ويفي-ذهبي-كحلي/,/products/wave-gold-navy-lace/,product
/products/ويفي-رمادي-بني-شيفون-كريمي/,/products/wave-grey-brown-cream-sheer/,product
/products/ويفي-رمادي-جاكار-شيفون-مطرز/,/products/wave-grey-jacquard-embroidered/,product
/products/ويفي-رمادي-داكن-شيفون-متدل/,/products/wave-dark-grey-draped-sheer/,product
/products/ويفي-رمادي-مزرق-حافة-كرات/,/products/wave-blue-grey-ball-trim/,product
/products/ويفي-شيفون-أبيض-شفاف/,/products/wave-white-sheer-living/,product
/products/ويفي-عنابي-رمادي/,/products/wave-burgundy-grey/,product
/products/ويفي-وردي-أسود-مزهر/,/products/wave-pink-black-floral/,product
